Earnings,NrComps,Prof,Unprof,Workers,FAssets,CAssets,FCAssets,Assets,Equity,Liab,LTLiab,STLiab,SUBLiab,MatExp,PersExp,Dep
9.047,2598,1374,1224,36.677,238.849,221.645,460.494,469.226,237.612,222.713,87.325,131.381,4.007,303.873,58.564,26.011
1.553,605,304,301,5.079,31.787,21.056,52.843,53.346,27.542,24.345,9.41,13.959,0.976,35.92,6.822,3.052
1.967,644,315,329,3.003,44.741,20.084,64.825,65.174,30.358,31.811,12.382,17.558,1.871,20.559,3.83,2.22
0.516,456,258,198,13.11,86.556,64.779,151.335,152.52,80.476,68.522,27.909,39.145,1.468,92.668,21.744,8.622
-0.027,162,86,76,0.51,6.268,3.725,9.993,10.312,3.335,6.655,3.147,2.567,0.941,5.9,0.486,0.529
-2.769,338,158,180,9.815,62.501,58.737,121.238,122.102,61.499,58.507,21.708,36.304,0.495,93.973,15.498,4.646
0.599,559,335,224,6.968,50.562,48.739,99.301,99.797,38.354,59.238,16.191,42.29,0.757,114.383,10.1,7.102
0.004,187,96,91,1.481,10.885,8.524,19.409,19.607,9.34,9.757,3.681,5.97,0.106,14.831,2.384,1.094
-1.507,388,164,224,12.318,68.766,55.656,124.422,125.579,71.673,50.985,21.686,29.126,0.173,76.397,20.163,6.252
3.687,1541,840,701,8.289,40.751,37.625,78.376,79.199,34.891,40.478,12.869,26.761,0.848,76.421,11.446,4.862
0.219,187,96,91,0.762,4.674,4.722,9.396,9.438,4.579,4.471,1.601,2.84,0.03,13.965,1.252,0.442
-0.202,139,48,91,0.399,3.42,3.213,6.633,6.67,2.496,3.98,1.098,2.838,0.044,4.828,0.619,0.205
1.623,1151,587,564,8.992,43.911,28.565,72.476,73.061,53.004,16.333,4.647,11.524,0.162,42.954,18.058,3.512
0.411,325,201,124,1.215,4.887,3.573,8.46,8.501,4.716,3.53,1.287,2.165,0.078,6.71,1.68,0.466
0.474,75,45,30,1.07,7.324,4.277,11.601,11.678,6.425,4.548,1.834,2.537,0.177,3.79,1.601,0.367
0.163,79,33,46,0.375,3.495,1.905,5.4,5.498,2.835,2.358,0.772,1.353,0.233,2.416,0.427,0.213
0.487,5,3,2,0.415,0.507,1.03,1.537,1.547,0.599,0.731,0.004,0.714,0.013,3.385,1.23,0.205
1.049,13,13,0,0.622,2.225,4.056,6.281,6.321,1.645,4.066,0.389,3.678,-0.001,9.207,2.143,0.19
0.066,5,4,1,0.063,0.264,0.159,0.423,0.425,0.275,0.15,0.038,0.112,0,0.243,0.107,0.037
0.998,15,4,11,0.636,6.374,3.232,9.606,9.631,4.277,4.231,1.006,3.226,-0.001,6.12,2.728,0.703
0.2,11,4,7,0.294,3.771,2.599,6.37,6.39,1.989,4.2,2.762,1.438,0,2.223,1.262,0.25
0.266,9,4,5,0.695,2.587,0.749,3.336,3.734,2.237,1.404,0.022,1.382,0,2.709,2.162,0.381
1.421,60,32,28,0.718,5.896,4.86,10.756,10.936,4.401,5.685,1.21,4.452,0.023,5.875,1.685,0.86
1.34,20,13,7,0.552,14.329,8.504,22.833,22.962,12.237,10.163,4.478,5.68,0.005,7.06,2.101,1.112
5.172,224,129,95,1.915,30.188,19.221,49.409,49.873,24.479,24.415,9.726,12.249,2.44,24.944,4.176,2.708
0.014,14,7,7,0.114,0.219,0.314,0.533,0.61,0.345,0.257,0.006,0.251,0,0.349,0.154,0.033
0.009,3,1,2,0.072,0.325,0.206,0.531,0.535,0.494,0.027,0.002,0.025,0,0.404,0.195,0.089
-0.019,15,9,6,0.237,0.533,0.493,1.026,1.046,0.47,0.547,0.104,0.438,0.005,0.924,0.328,0.045
5.451,309,171,138,14.675,67.24,86.238,153.478,156.123,53.499,96.872,27.533,68.217,1.122,216.328,27.648,6.154
-6.253,101,62,39,15.776,61.818,75.633,137.451,138.357,29.436,101.322,7.037,94.177,0.108,210.182,28.149,7.977
2.358,53,36,17,5.005,31.586,41.204,72.79,73.741,28.168,44.069,3.557,40.487,0.025,78.223,9.188,2.37
0.013,12,6,6,0.153,0.431,0.468,0.899,0.902,0.306,0.565,0.122,0.443,0,1.127,0.172,0.051
1.21,11,7,4,0.879,6.959,7.848,14.807,14.869,6.401,8.216,1.049,7.166,0.001,11.356,2.126,0.597
4,37,24,13,1.322,12.708,21.512,34.22,34.715,19.116,14.812,1.579,13.165,0.068,38.417,3.647,1.62
5.826,261,164,97,9.107,65.39,84.864,150.254,151.073,58.825,88.426,11.485,75.748,1.193,121.778,14.97,4.7
0.037,38,20,18,0.158,0.808,0.805,1.613,1.615,0.707,0.858,0.172,0.631,0.055,1.229,0.187,0.101
4.464,10,5,5,0.372,6.46,27.996,34.456,34.525,13.946,19.955,0.244,19.711,0,39.902,2.428,0.819
0.004,3,1,2,0.074,0.305,0.867,1.172,1.176,0.205,0.944,0.325,0.619,0,2.573,0.24,0.034
-2.738,84,43,41,8.321,93.889,63.85,157.739,158.526,68.855,83.007,19.127,63.78,0.1,200.656,19.091,9.998
0.318,8,6,2,0.48,4.423,3.344,7.767,7.787,5.494,1.926,0.428,1.498,0,5.42,0.906,0.339
5.13,138,85,53,5.182,30.212,45.331,75.543,75.963,32.021,42.563,4.367,38.045,0.151,70.037,9.716,1.983
7.481,4,2,2,0.313,8.749,11.532,20.281,20.334,7.728,12.504,0.006,12.498,0,18.358,1.492,1.6
7.233,145,101,44,3.874,23.25,54.012,77.262,78.844,31.244,46.006,6.039,39.883,0.084,114.368,10.093,2.749
6.579,27,15,12,1.049,15.211,11.135,26.346,26.406,13.013,11.449,3.981,7.451,0.017,30.032,3.146,1.369
3.673,779,459,320,21.051,37.113,23.104,60.217,60.749,27.392,31.286,7.717,22.941,0.628,71.592,24.107,3.914
3.88,70,40,30,2.259,12.715,9.724,22.439,22.522,14.168,6.387,1.273,5.083,0.031,18.93,4.93,1.417
1.661,6,2,4,0.997,22.024,24.285,46.309,46.356,22.683,22.85,0.004,22.847,-0.001,39.155,3.316,2.103
5.743,153,81,72,5.595,37.108,51.921,89.029,90.838,32.034,53.655,15.911,37.274,0.47,99.962,13.736,4.348
0.564,107,63,44,2.146,7.553,11.309,18.862,18.94,8.821,9.625,0.834,8.704,0.087,20.018,2.48,0.948
0.83,22,13,9,0.501,4.08,5.903,9.983,10.034,5.662,4.148,0.222,3.89,0.036,10.191,1.598,0.5
1.353,26,16,10,1.078,5.229,7.601,12.83,12.859,5.385,7.162,0.73,6.395,0.037,12.014,2.417,0.443
0.153,11,8,3,0.228,1.516,1.122,2.638,2.693,1.221,1.312,0.278,1.021,0.013,3.974,0.325,0.131
2.783,146,85,61,4.418,14.299,18.953,33.252,34.566,17.458,15.727,1.495,14.157,0.075,33.166,6.339,2.024
3.448,155,103,52,1.602,11.771,25.026,36.797,37.017,17.054,17.843,0.63,16.967,0.246,45.372,4.239,1.075
0.396,7,6,1,0.108,0.933,1.358,2.291,2.294,1.79,0.44,0.033,0.407,0,3.743,0.432,0.129
1.303,477,251,226,4.652,48.678,56.771,105.449,105.81,51.156,52.403,13.841,35.569,2.993,52.472,7.663,3.449
-0.002,3,1,2,0.003,0.013,0.016,0.029,0.029,0,0.028,0.004,0.024,0,0.015,0.002,0.002
0.031,17,7,10,0.031,0.418,0.934,1.352,1.388,0.397,0.991,0.013,0.125,0.853,0.068,0.034,0.009
9.798,94,47,47,2.268,19.125,60.331,79.456,81.506,36.846,40.898,2.461,37.739,0.698,45.258,8.541,3.68
0.283,3,1,2,0.045,6.073,4.06,10.133,10.176,2.608,7.457,2.75,4.707,0,4.6,0.179,0.174
-0.059,172,82,90,4.414,47.395,50.186,97.581,98.805,61.844,31.775,5.635,25.701,0.439,86.499,14.816,6.816
13.097,6,6,0,1.587,49.301,75.789,125.09,127.065,27.17,96.254,25.535,70.719,0,48.961,10.112,3.557
0.204,29,18,11,1.072,5.385,3.248,8.633,8.641,3.001,5.342,2.113,3.21,0.019,5.37,1.635,0.676
-0.107,9,5,4,0.386,3.824,2.695,6.519,6.547,1.126,5.182,0.35,4.776,0.056,5.286,0.608,0.507
0.189,3,2,1,0.671,2.58,2.513,5.093,5.098,1.052,3.882,2.084,1.798,0,4.065,1.204,0.364
-0.029,3,1,2,1.617,2.68,5.906,8.586,8.615,1.533,6.867,0.003,6.864,0,8.146,2.896,0.521
-0.011,5,2,3,0.038,0.06,0.068,0.128,0.128,0.035,0.092,0.003,0.075,0.014,0.104,0.057,0.008
0.604,22,8,14,1.74,7.76,5.735,13.495,13.698,9.601,3.884,0.579,3.305,0,6.626,2.368,0.712
0.068,7,5,2,2.105,0.262,0.352,0.614,0.715,0.29,0.413,0.011,0.403,-0.001,1.784,1.934,0.052
-0.192,64,26,38,0.979,8.924,5.003,13.927,13.997,4.187,9.5,2.515,6.888,0.097,7.367,1.589,0.638
1.734,300,170,130,12.474,17.203,17.177,34.38,34.529,17.473,16.12,3.029,12.862,0.229,27.856,15.611,1.672
0.068,16,10,6,0.478,0.668,1.14,1.808,1.812,1.06,0.729,0.075,0.653,0.001,1.518,0.556,0.066
0.054,9,8,1,0.542,3.47,1.509,4.979,4.995,3.084,1.832,0.105,1.727,0,2.096,0.77,0.144
0.292,18,12,6,0.402,1.345,1.302,2.647,2.655,1.318,1.223,0.149,1.073,0.001,3.515,0.529,0.123
2.617,174,92,82,4.608,13.654,24.563,38.217,38.493,21.141,16.385,2.75,13.606,0.029,36.708,6.839,1.665
0.287,57,30,27,0.67,3.052,2.177,5.229,5.294,2.874,2.256,0.321,1.721,0.214,4.03,0.803,0.304
0.28,49,30,19,0.691,1.213,1.333,2.546,2.577,0.85,1.633,0.428,1.205,0,1.902,0.908,0.153
0.048,106,53,53,2.372,2.679,2.364,5.043,5.087,2.031,2.849,0.668,2.054,0.127,4.872,2.267,0.324
0.286,62,31,31,1.184,1.298,2.223,3.521,3.531,1.088,2.293,0.511,1.767,0.015,3.151,1.26,0.106
0.562,146,85,61,6.704,4.458,5.661,10.119,10.143,5.096,4.633,0.398,4.109,0.126,11.885,7.06,0.552
9.857,999,422,577,23.881,26.754,57.459,84.213,84.534,37.957,45.548,5.653,39.203,0.692,97.218,25.661,2.721
2.365,123,68,55,15.736,10.479,10.112,20.591,20.732,9.012,11.227,2.821,8.277,0.129,17.293,11.647,1.172
0.084,207,107,100,5.482,3.979,5.836,9.815,9.93,3.779,5.749,0.716,4.97,0.063,9.056,5.776,0.481
-0.004,19,6,13,0.15,0.279,0.49,0.769,0.776,0.237,0.513,0.118,0.366,0.029,0.751,0.166,0.023
0.331,17,11,6,0.688,1.326,1.737,3.063,3.135,1.743,1.347,0.084,1.219,0.044,3.532,1.35,0.125
1.085,103,53,50,3.562,3.577,6.383,9.96,10.001,4.969,4.864,0.938,3.868,0.058,12.92,4.561,0.368
-0.584,248,127,121,11.794,12.487,18.874,31.361,31.539,15.163,15.424,1.773,13.499,0.152,26.821,15.172,1.266
0.525,534,318,216,5.144,15.412,13.85,29.262,29.385,9.723,19.018,5.824,12.464,0.73,33.031,5.37,1.705
1.809,39,23,16,2.354,21.705,20.468,42.173,42.283,24.415,17.41,3.984,13.173,0.253,35.079,5.077,1.767
4.346,825,458,367,8.663,29.618,30.991,60.609,61.476,30.058,29.093,8.632,20.092,0.369,68.558,12.471,3.772
0.721,163,104,59,5.448,5.977,5.326,11.303,11.397,4.755,6.11,1.183,4.855,0.072,14.5,5.559,0.62
0.701,204,104,100,3.304,6.865,4.94,11.805,11.903,4.721,6.722,2.453,4.097,0.172,10.265,3.492,0.616
0.038,25,14,11,0.323,0.378,0.62,0.998,1.008,0.327,0.668,0.101,0.528,0.039,1.193,0.325,0.036
0.035,3,2,1,0.053,0.577,0.494,1.071,1.136,0.249,0.886,0.667,0.219,0,1.49,0.118,0.042
4.861,38,26,12,3.285,46.852,46.943,93.795,94.769,45.64,45.774,8.843,36.913,0.018,98.956,11.14,4.569
6.791,200,137,63,4.596,30.493,30.007,60.5,60.834,29.216,29.004,7.642,21.276,0.086,64.069,10.431,3.192
0.578,23,12,11,0.601,2.727,4.34,7.067,7.083,2.711,4.257,0.476,3.77,0.011,10.446,0.752,0.219
0.876,35,25,10,2.249,4.687,5.049,9.736,9.839,5.255,4.244,0.814,3.397,0.033,10.02,3.555,0.397
0.002,4,2,2,0.008,0.011,0.066,0.077,0.084,-0.02,0.104,0.047,0.057,0,0.1,0.003,0.002
2.041,67,48,19,2.462,9.785,8.594,18.379,18.45,9.974,7.916,3.267,4.541,0.108,14.612,4.218,1.162
6.17,794,464,330,3.845,23.551,41.915,65.466,66.299,38.266,23.873,2.487,20.819,0.567,54.214,11.963,3.504
3.816,140,81,59,2.138,12.26,15.722,27.982,31.027,10.412,17.405,3.87,13.36,0.175,53.655,6.451,1.831
4.047,643,329,314,3.135,19.403,30.422,49.825,52.458,26.743,19.079,1.791,16.967,0.321,56.511,9.1,3.311
0.348,121,63,58,0.293,0.836,7.018,7.854,8.034,2.351,4.692,0.129,4.548,0.015,16.718,1.294,0.196
0.176,142,89,53,0.536,1.618,3.037,4.655,4.709,1.852,2.775,0.541,2.144,0.09,5.733,0.73,0.241
1.287,51,33,18,1.461,15.625,5.627,21.252,21.575,10.151,11.066,3.176,7.887,0.003,14.166,3.96,1.588
6.439,844,519,325,8.867,46.625,37.812,84.437,85.53,42.025,40.986,7.61,33.107,0.269,74.161,17.522,5.373
0.167,77,47,30,1.048,1.685,1.668,3.353,3.378,1.893,1.251,0.217,1.025,0.009,2.474,1.311,0.212
0.239,152,88,64,0.363,0.846,1.359,2.205,2.263,0.94,1.246,0.114,1.116,0.016,3.45,0.441,0.185
2.943,869,526,343,5.078,14.998,17.105,32.103,32.342,13.715,17.56,3.394,13.875,0.291,39.987,6.995,2.301
0.146,15,7,8,0.144,0.36,0.617,0.977,0.981,0.375,0.593,0.093,0.5,0,1.043,0.256,0.042
0.165,15,8,7,0.133,0.978,0.928,1.906,1.913,0.688,1.196,0.342,0.813,0.041,1.601,0.379,0.198
0.226,55,30,25,0.223,1.77,2.431,4.201,4.25,1.26,2.875,1.006,1.868,0.001,3.036,0.538,0.229
-1.324,3,2,1,0.939,1.152,10.116,11.268,11.296,-0.42,11.689,0.015,11.674,0,34.114,2.677,0.313
57.23,8,8,0,7.354,824.049,599.742,1423.791,1435.598,734.186,617.588,250.208,367.378,0.002,1036.618,50.356,52.472
19.1,10,6,4,3.854,146.921,60.174,207.095,207.668,122.037,82.544,21.541,61.003,0,102.157,13.664,11.602
-0.651,13,7,6,0.356,3.747,2.917,6.664,6.672,1.787,4.782,0.111,4.671,0,5.366,1.159,0.466
2.337,43,31,12,0.95,13.607,13.015,26.622,26.708,16.219,10.093,1.232,8.852,0.009,21.752,2.663,1.031
2.226,74,44,30,1.865,14.579,11.45,26.029,26.209,15.722,9.55,1.922,7.574,0.054,20.726,5.023,1.423
0.378,17,15,2,1.262,6.335,10.717,17.052,17.267,4.088,12.921,4.388,8.523,0.01,22.415,3.529,0.935
3.821,50,27,23,3.078,129.61,73.573,203.183,203.794,112.45,83.681,45.655,38.019,0.007,148.493,12.266,7.901
1.221,32,23,9,0.825,13.281,7.551,20.832,21.062,10.258,10.478,1.998,8.378,0.102,10.615,2.562,0.633
2.435,61,42,19,1.48,8.79,14.25,23.04,23.149,11.252,11.291,2.384,8.885,0.022,26.708,4.69,1.11
0.175,24,10,14,0.622,12.61,5.017,17.627,17.955,12.96,4.609,0.61,3.999,0,7.798,1.875,1.077
86.783,69,39,30,11.491,492.218,297.046,789.264,803.496,633.965,153.728,29.769,123.959,0,162.891,57.562,30.193
6.617,58,42,16,1.92,15.344,25.283,40.627,40.816,16.927,20.717,0.488,20.217,0.012,58.183,5.968,1.906
2.339,52,34,18,0.967,4.494,8.782,13.276,13.301,5.503,6.758,1.685,5.055,0.018,18.569,2.839,0.689
0.013,10,2,8,0.207,1.245,1.02,2.265,2.268,1.267,0.982,0.34,0.636,0.006,1.992,0.468,0.115
0.305,7,5,2,0.093,0.72,1.331,2.051,2.062,1.707,0.312,0.005,0.306,0.001,1.381,0.19,0.042
0.113,13,9,4,0.116,1.106,1.337,2.443,2.467,0.693,1.76,0.476,1.221,0.063,1.437,0.345,0.185
0.045,4,1,3,0.006,0.017,0.53,0.547,0.547,0.035,0.511,0.065,0.445,0.001,2.475,0.009,0.001
1.019,58,38,20,0.708,2.487,5.409,7.896,7.958,4.917,2.876,0.375,2.501,0,7.946,1.88,0.265
-0.381,7,4,3,0.52,3.783,1.657,5.44,5.447,2.03,3.319,0.891,2.428,0,3.972,1.157,0.337
1.686,19,12,7,3.761,23.387,36.965,60.352,60.817,9.151,50.564,4.682,45.872,0.01,70.363,14.439,2.842
0.04,13,9,4,0.077,0.157,0.318,0.475,0.476,0.264,0.206,0.03,0.154,0.022,0.576,0.093,0.019
3.373,105,64,41,3.586,21.111,18.369,39.48,40.312,16,23.314,8.456,14.769,0.089,37.17,9.205,2.272
7.746,155,108,47,4.362,35.634,34.991,70.625,71.235,37.138,32.324,5.934,25.82,0.57,63.667,10.147,5.151
6.636,271,180,91,6.266,73.029,44.328,117.357,120.084,69.061,48.843,9.489,38.89,0.464,89.505,13.281,7.487
2.101,237,142,95,2.849,12.115,15.617,27.732,27.8,13.796,13.68,2.048,11.512,0.12,32.614,4.53,1.175
19.336,561,362,199,15.155,81.178,88.536,169.714,170.788,67.653,97.73,17.549,79.677,0.504,163.884,32.078,10.116
2.151,13,8,5,0.404,5.71,9.714,15.424,15.467,12.861,1.881,0.208,1.631,0.042,10.097,1.347,0.836
0.496,92,52,40,1.5,4.827,4.004,8.831,8.894,3.015,5.424,1.23,3.934,0.26,9.059,2.764,0.539
-0.543,22,15,7,2.97,11.04,11.204,22.244,22.312,14.754,6.843,1.034,5.809,0,13.053,5.447,1.755
0.438,57,32,25,0.623,2.138,1.836,3.974,3.979,0.888,2.933,0.753,2.172,0.008,3.309,1.01,0.212
0.046,80,36,44,3.43,8.319,6.283,14.602,14.64,10.278,4.171,1.354,2.81,0.007,4.697,7.11,0.761
2.593,4,2,2,1.116,4.7,6.55,11.25,11.316,6.579,4.223,0.001,4.223,-0.001,8.294,3.098,0.875
0.18,3,3,0,0.228,0.169,0.627,0.796,0.796,0.54,0.244,0.06,0.184,0,0.81,0.375,0.023
1.359,6,5,1,0.404,3.014,4.213,7.227,7.371,5.645,1.574,0.96,0.613,0.001,1.632,0.901,0.274
-0.003,48,21,27,0.315,0.627,0.684,1.311,1.323,0.612,0.69,0.195,0.483,0.012,0.954,0.391,0.108
1.052,33,19,14,1.065,2.533,6.517,9.05,9.077,3.974,4.658,0.313,4.326,0.019,10.427,3.275,0.523
0.571,16,10,6,1.305,13.987,5.176,19.163,19.256,13.353,5.517,3.134,2.383,0,6.074,2.802,0.694
12.458,43,31,12,3.155,35.249,25.14,60.389,60.7,23.956,35.452,5.731,29.721,0,30.516,7.399,3.341
17.43,10,7,3,1.449,50.805,23.783,74.588,75.094,47.945,25.572,0.244,25.328,0,33.899,6.285,2.932
0.587,11,7,4,0.087,2.062,1.539,3.601,3.636,2.581,1.033,0.049,0.984,0,4.44,0.24,0.123
6.941,195,117,78,4.178,31.601,25.785,57.386,57.617,27.889,28.006,7.032,19.851,1.123,47.482,8.898,2.938
-0.028,18,7,11,0.158,0.123,0.381,0.504,0.506,-0.03,0.532,0.058,0.475,-0.001,1.215,0.136,0.016
2.521,120,83,37,1.265,15.178,16.514,31.692,31.766,17.048,14.009,2.604,11.256,0.149,39.152,3.212,1.317
0.845,12,9,3,0.292,5.884,3.883,9.767,9.789,5.024,4.693,2.385,2.308,0,9.128,1.427,0.637
-0.168,3,1,2,0.105,0.086,0.279,0.365,0.367,0.103,0.248,0.018,0.231,-0.001,0.705,0.319,0.02
0.942,101,51,50,1.033,3.457,4.317,7.774,7.883,4.037,3.803,0.716,3.076,0.011,10.523,1.559,0.38
0.646,156,79,77,1.13,4.918,5.305,10.223,10.251,4.47,5.671,1.013,4.598,0.06,9.48,1.496,0.347
0.142,9,5,4,0.288,1.081,0.851,1.932,1.939,1.181,0.697,0.161,0.536,0,1.769,0.703,0.094
2.274,65,38,27,1.38,16.795,14.814,31.609,31.674,13.108,17.587,3.496,14.059,0.032,32.772,4.107,2.481
2.958,46,26,20,7.812,88.673,73.221,161.894,163.011,40.319,118.15,24.863,93.287,0,143.501,22.065,8.423
0.096,6,4,2,0.38,1.268,2.768,4.036,4.049,1.478,2.485,0.155,2.33,0,6.576,0.845,0.121
0.149,4,3,1,0.334,2.297,2.839,5.136,5.148,2.884,2.215,0.032,2.184,-0.001,3.571,0.6,0.129
0.25,4,4,0,0.168,1.25,1.724,2.974,2.977,1.608,1.363,0.252,1.11,0.001,2.893,0.302,0.085
0.68,8,5,3,0.605,0.936,5.877,6.813,6.872,1.022,5.397,0.042,5.355,0,20.851,2.005,0.216
-0.247,14,7,7,0.33,2.173,1.103,3.276,3.278,1.733,1.283,0.16,1.123,0,1.765,0.516,0.043
-1.894,17,9,8,2.256,19.792,19.745,39.537,39.85,21.547,16.408,1.297,15.058,0.053,43.965,7.436,2.673
0.021,3,3,0,0.04,0.221,0.097,0.318,0.321,0.119,0.183,0.04,0.134,0.009,0.189,0.061,0.02
0.074,4,4,0,0.083,1.145,0.468,1.613,1.64,0.974,0.616,0.286,0.33,0,0.805,0.188,0.043
0.052,30,20,10,1.857,3.897,3.866,7.763,7.809,3.081,4.41,0.693,3.717,0,8.574,3.79,0.419
-0.164,12,2,10,0.387,0.678,0.374,1.052,1.057,0.184,0.846,0.144,0.703,-0.001,1.141,0.556,0.084
6.844,77,53,24,4.371,37.206,33.178,70.384,70.672,45.535,23.133,3.47,19.491,0.172,58.694,10.815,4.542
-0.054,17,7,10,0.159,0.168,0.477,0.645,0.652,0.222,0.421,0.172,0.248,0.001,1.686,0.348,0.025
12.194,1619,994,625,27.316,76.234,102.064,178.298,180.021,80.257,94.984,16.413,77.605,0.966,199.969,52.203,8.487
1.555,160,102,58,1.274,4.544,8.296,12.84,12.87,5.75,6.868,1.171,5.595,0.102,14.698,2.052,0.444
0.64,75,54,21,1.713,4.297,6.368,10.665,10.842,4.195,6.281,0.715,5.513,0.053,12.185,3.61,0.414
1.772,126,91,35,1.81,12.486,9.885,22.371,22.441,8.587,13.544,1.997,11.431,0.116,19.525,3.346,1.572
1.214,38,23,15,1.276,10.213,9.955,20.168,21.156,5.255,14.754,3.789,10.728,0.237,17.761,3.116,1.086
11.423,72,42,30,4.193,69.914,173.128,243.042,246.589,179.028,62.942,5.4,57.541,0.001,114.798,16.778,7.21
2.22,227,140,87,2.449,8.302,8.723,17.025,17.276,7.18,9.652,1.916,7.717,0.019,16.454,4.179,1.013
5.629,1071,642,429,11.678,41.457,40.845,82.302,82.888,31.581,49.002,14.234,34.171,0.597,76.549,19.943,5.249
-0.092,5,2,3,0.099,0.121,0.568,0.689,0.689,-0.069,0.739,0.15,0.589,0,0.276,0.141,0.031
2.533,236,151,85,3.577,24.728,13.518,38.246,42.693,23.534,18.446,6.121,12.245,0.08,24.389,8.176,2.264
1.068,27,19,8,1.047,4.795,7.777,12.572,12.581,6.608,5.688,1.927,3.761,0,8.523,2.282,0.716
0.146,24,18,6,0.151,0.264,0.504,0.768,0.769,0.434,0.315,0.025,0.266,0.024,1.184,0.207,0.038
1.599,21,12,9,2.555,14.587,14.965,29.552,29.756,15.16,14.028,3.168,10.86,0,29.439,5.503,1.657
0.358,52,37,15,3.399,5.506,7.825,13.331,13.457,7.43,5.748,1.198,4.337,0.213,13.239,7.068,1.057
0.493,48,32,16,0.608,1.937,2.469,4.406,4.425,2.565,1.734,0.277,1.455,0.002,3.905,0.969,0.262
4.906,324,210,114,5.879,16.318,25.157,41.475,41.745,23.294,17.56,2.794,14.69,0.076,39.741,10.98,1.797
1.699,74,47,27,2.026,8.476,9.347,17.823,17.992,8.166,9.071,2.09,6.957,0.024,12.635,5.549,1.212
0.807,88,67,21,1.846,6.106,8.419,14.525,14.62,5.959,8.133,1.206,6.89,0.037,15.261,4.842,0.702
0.521,27,20,7,1.276,6.289,7.194,13.483,13.507,6.692,6.42,1.342,5.036,0.042,11.095,3.057,0.715
-1.492,43,23,20,1.977,19.982,16.304,36.286,36.597,12.34,23.554,10.472,13.082,0,18.97,4.067,1.639
0.137,32,16,16,0.22,0.566,0.674,1.24,1.254,0.668,0.569,0.1,0.38,0.089,1.391,0.313,0.071
1.599,259,170,89,3.173,9.698,12.888,22.586,22.724,10.727,11.454,2.327,9.032,0.095,25.351,6.466,0.994
3.361,288,183,105,3.694,11.419,23.412,34.831,34.979,14.761,18.988,1.955,16.979,0.054,43.411,7.738,1.841
5.407,578,357,221,7.675,24.12,39.209,63.329,63.94,26.859,34.036,7.811,26.094,0.131,63.261,20.193,3.078
0.064,10,8,2,0.224,0.399,0.382,0.781,0.785,0.465,0.315,0.033,0.282,0,0.989,0.347,0.06
1.311,145,92,53,4.07,9.017,13.836,22.853,22.923,12.296,9.973,2.661,7.107,0.205,26.46,7.534,1.175
-1.342,4,0,4,0.161,5.553,2.99,8.543,8.55,2.463,5.87,0,5.87,0,2.855,0.526,0.134
0.067,18,16,2,0.129,0.432,0.262,0.694,0.697,0.363,0.295,0.019,0.276,0,0.514,0.209,0.076
1.978,154,101,53,2.556,10.391,13.019,23.41,24.236,10.993,12.734,3.518,9.203,0.013,13.796,6.025,1.56
-0.164,13,7,6,0.606,0.285,1.289,1.574,1.577,0.13,1.383,0.016,1.344,0.023,2.194,1.529,0.049
-1.162,52,33,19,2.666,9.622,10.447,20.069,20.116,11.056,8.122,0.831,7.289,0.002,16.477,5.775,0.74
0.762,149,100,49,2.64,9.911,10.475,20.386,20.658,6.271,13.925,7.212,6.542,0.171,18.608,5.588,1.23
-0.011,35,14,21,0.364,0.682,1.125,1.807,1.812,0.956,0.796,0.125,0.646,0.025,1.407,0.627,0.103
0.232,14,12,2,0.208,0.656,0.763,1.419,1.436,0.762,0.569,0.181,0.387,0.001,1.483,0.662,0.07
4.04,311,213,98,5.457,15.37,29.445,44.815,45.226,17.117,26.506,2.792,23.667,0.047,57.103,14.082,1.918
0.056,7,5,2,0.5,0.995,1.237,2.232,2.926,0.898,1.916,0.001,1.915,0,1.339,0.771,0.066
9.733,32,22,10,6.592,46.217,104.226,150.443,150.607,98.614,49.437,7.66,41.522,0.255,120.243,13.713,4.24
0.892,20,11,9,1.758,8.455,9.349,17.804,17.849,9.791,7.92,0.855,7.045,0.02,11.857,3.201,0.531
-0.607,28,12,16,0.719,1.442,4.81,6.252,6.303,1.847,4.044,1.464,2.527,0.053,7.834,1.567,0.337
-2.95,193,100,93,1.936,63.717,63.116,126.833,127.34,-1.562,109.782,20.917,88.661,0.204,196.453,9.719,3.365
0.935,182,110,72,5.244,32.114,30.637,62.751,63.561,19.79,42.623,12.924,29.173,0.526,44.046,12.545,2.854
3.16,187,119,68,5.135,19.224,25.899,45.123,45.333,20.853,23.158,4.234,18.866,0.058,45.405,11.505,2.516
6.173,42,31,11,7.032,29.013,35.203,64.216,64.363,26.421,36.792,11.857,24.923,0.012,63.95,13.558,2.686
2.268,13,10,3,0.707,8.984,5.468,14.452,14.459,11.323,2.929,0.195,2.735,-0.001,10.046,1.264,1.166
102.764,127,80,47,19.263,183.93,308.207,492.137,494.426,319.835,165.542,4.346,161.182,0.014,270.405,52.72,13
13.088,67,39,28,13.61,71.569,82.059,153.628,157.173,96.61,54.114,4.874,49.043,0.197,175.45,31.586,10.013
-8.234,186,114,72,7.604,21.742,113.681,135.423,135.709,17.774,88.362,0.811,87.484,0.067,458.05,18.328,5.049
11.739,225,130,95,21.257,265.117,110.992,376.109,377.818,235.734,133.231,26.225,106.95,0.056,240.826,52.478,22.694
14.096,304,176,128,6.313,38.379,77.894,116.273,117.677,69.764,45.63,3.437,42.163,0.03,213.884,16.433,6.113
34.17,128,80,48,9.15,92.825,245.114,337.939,338.904,198.127,125.441,4.223,121.12,0.098,664.099,20.238,9.966
4.832,534,332,202,6.462,18.565,34.474,53.039,53.743,32.8,20.193,6.185,13.727,0.281,34.576,12.093,2.221
4.263,252,179,73,4.479,13.563,21.53,35.093,35.469,22.96,11.205,1.706,9.469,0.03,33.572,10.793,1.517
4.997,256,169,87,2.249,11.9,18.867,30.767,31.003,19.884,10.705,1.108,9.57,0.027,28.846,6.071,1.395
0.433,74,41,33,0.504,2.829,2.048,4.877,4.895,3.342,1.331,0.364,0.963,0.004,3.24,1.037,0.156
-0.001,8,2,6,0.024,0.149,0.315,0.464,0.469,0.032,0.436,0.083,0.353,0,0.179,0.021,0.019
0.315,29,16,13,3.972,65.747,79.302,145.049,145.288,100.487,37.127,0.462,36.665,0,184.564,13.247,11.375
5.166,51,30,21,1.522,13.46,26.724,40.184,40.325,10.09,29.634,4.234,25.398,0.002,52.207,5.26,1.481
125.848,158,102,56,27.613,523.213,641.339,1164.552,1168.173,879.417,229.135,19.864,208.94,0.331,1301.816,86.755,77.236
0.009,35,15,20,0.154,0.279,0.34,0.619,0.623,0.219,0.396,0.057,0.339,0,0.629,0.234,0.052
0.136,40,19,21,0.16,0.654,0.528,1.182,1.187,0.319,0.864,0.177,0.533,0.154,1.289,0.207,0.07
2.324,37,27,10,6.308,15.578,36.861,52.439,55.171,16.915,35.237,2.486,32.752,-0.001,52.135,17.147,2.349
0.497,34,18,16,0.713,5.258,6.422,11.68,11.718,1.549,8.801,3.402,5.396,0.003,7.683,4.641,0.73
0.256,25,15,10,0.672,1.63,3.546,5.176,5.193,1.79,3.163,0.938,2.213,0.012,5.32,0.755,0.258
0.008,5,4,1,0.019,0.003,0.025,0.028,0.029,0.001,0.027,0,0.027,0,0.038,0.013,0.001
0.257,23,14,9,0.604,1.699,1.727,3.426,3.453,1.801,1.609,0.296,1.24,0.073,4.301,1.345,0.12
1.01,272,138,134,4.791,10.521,12.196,22.717,22.822,11.048,11.225,2.594,8.06,0.571,23.89,6.693,1.021
0.588,203,113,90,2.2,6.362,6.058,12.42,12.539,5.848,6.358,1.21,5.059,0.089,12.045,2.998,0.677
0.001,228,121,107,1.479,3.362,3.639,7.001,7.088,2.168,4.745,1.078,3.515,0.152,8.017,1.978,0.356
1.572,600,323,277,6.475,12.325,15.898,28.223,28.39,11.375,16.495,2.747,12.754,0.994,33.795,7.479,1.54
0.16,16,10,6,0.186,1.642,2.484,4.126,4.138,2.516,1.584,0.106,1.475,0.003,5.564,0.994,0.142
0.219,6,2,4,0.1,0.325,1.191,1.516,1.526,1.116,0.361,0.006,0.355,0,1.224,0.361,0.048
0.007,136,61,75,0.529,0.711,2.003,2.714,2.729,0.588,2.042,0.417,1.571,0.054,2.754,0.502,0.083
0.041,31,20,11,0.13,0.373,0.25,0.623,0.624,0.148,0.438,0.126,0.297,0.015,0.524,0.19,0.043
0.466,64,41,23,0.648,2.736,3.388,6.124,6.966,3.436,3.452,0.304,3.107,0.041,5.071,1.02,0.258
0.467,121,65,56,1.63,3.896,3.412,7.308,7.382,2.645,4.554,1.048,3.195,0.311,5.078,2.172,0.639
0.003,13,6,7,0.07,0.029,0.109,0.138,0.138,-0.031,0.167,0.003,0.164,0,0.209,0.09,0.01
0.03,25,14,11,1.707,0.972,1.44,2.412,2.414,1.195,1.097,0.21,0.882,0.005,3.499,1.989,0.159
1.098,164,96,68,2.807,6.393,9.739,16.132,16.188,7.509,7.931,1.924,5.965,0.042,15.017,4.12,0.741
0.823,75,36,39,0.887,5.374,8.614,13.988,14.103,4.519,9.158,2.334,6.228,0.596,35.309,1.88,0.634
0.083,87,41,46,0.581,3.177,2.135,5.312,5.446,1.305,3.902,1.286,2.259,0.357,4.66,0.7,0.299
34.439,76,21,55,13.554,428.231,168.998,597.229,610.714,292.75,266.14,164.868,101.15,0.122,207.094,63.64,43.743
-2.832,3,2,1,1.841,316.152,39.318,355.47,377.263,278.93,86.615,34.051,52.564,0,404.853,8.732,11.837
39.653,69,33,36,10.218,441.342,110.453,551.795,569.869,300.035,163.799,22.638,141.153,0.008,640.993,39.858,53.313
-0.017,5,2,3,0.012,0.237,0.235,0.472,0.472,0.285,0.186,0,0.186,0,0.033,0.008,0.023
23.002,24,9,15,6.518,199.36,69.119,268.479,305.788,150.91,100.442,11.958,88.485,-0.001,353.163,23.887,23.729
5.898,138,74,64,7.004,132.647,32.837,165.484,175.251,100.035,61.944,25.814,36.126,0.004,112.765,20.436,11.567
5.813,274,205,69,22.934,333.609,42.993,376.602,384.714,190.607,155.705,131.069,24.024,0.612,72.705,51.934,15.709
5.247,1160,642,518,6.722,24.058,37.666,61.724,62.285,23.231,37.68,8.072,28.415,1.193,73.073,9.091,2.917
0.355,31,18,13,0.212,0.62,0.942,1.562,1.567,0.965,0.586,0.063,0.505,0.018,1.386,0.286,0.087
38.607,8128,4470,3658,68.048,262.187,515.683,777.87,809.483,254.551,501.813,71.125,426.71,3.978,1033.723,114.077,24.699
1.127,1190,622,568,4.98,7.56,29.619,37.179,37.649,8.917,27.391,1.79,25.195,0.406,66.266,5.862,1.47
21.207,546,343,203,8.707,321.512,169.795,491.307,494.086,172.764,249.33,127.611,121.189,0.53,184.105,22.101,7.562
0.993,133,86,47,1.928,15.67,10.564,26.234,26.616,17.883,7.943,1.037,6.905,0.001,15.473,4.109,0.837
5.558,1301,717,584,9.033,36.092,68.746,104.838,106.289,33.841,68.978,13.43,54.344,1.204,123.535,15.798,3.889
7.024,2151,1278,873,10.368,18.849,45.818,64.667,65.197,29.615,34.196,3.52,30.161,0.515,86.933,15.881,2.697
0.921,277,156,121,1.849,4.713,8.043,12.756,13.022,5.181,7.719,0.491,7.161,0.067,17.903,3.142,0.412
3.691,2051,1116,935,11.065,18.86,73.565,92.425,93.17,22.159,68.587,5.463,59.289,3.835,106.311,19.064,2.856
2.872,903,514,389,5.877,11.591,29.736,41.327,42.038,15.914,24.23,2.682,21.43,0.118,60.427,10.314,1.423
0.09,174,76,98,0.608,0.529,1.86,2.389,2.408,0.701,1.667,0.211,1.428,0.028,4.642,0.714,0.108
0.504,535,233,302,1.709,2.802,6.593,9.395,9.459,2.631,6.694,0.552,6.083,0.059,16.481,1.878,0.44
0.528,611,259,352,1.895,2.363,6.214,8.577,8.623,2.651,5.925,0.899,4.917,0.109,15.85,1.779,0.395
0.306,1034,481,553,3.194,3.431,6.996,10.427,10.577,3.681,6.787,1.175,5.433,0.179,16.177,3.518,0.654
1.935,777,402,375,3.919,12.978,18.881,31.859,32.145,10.419,19.986,6.828,12.884,0.274,34.446,5.176,1.398
1.385,90,58,32,0.967,4.789,3.922,8.711,8.799,4.861,3.827,0.809,2.913,0.105,6.13,1.877,0.921
50.999,4138,2331,1807,32.435,240.437,459.867,700.304,712.665,175.197,503.595,71.5,426.678,5.417,1727.1,60.04,31.316
2.813,2001,1014,987,9.637,22.068,27.975,50.043,50.649,18.741,31.073,6.985,23.222,0.866,74.712,11.836,2.63
12.816,1812,1048,764,8.8,33.748,101.218,134.966,135.716,54.303,79.004,8.666,69.117,1.221,232.532,13.591,3.395
0.528,192,100,92,0.632,3.811,5.723,9.534,9.562,2.646,6.726,1.643,4.802,0.281,14.519,0.754,0.3
10.884,807,494,313,7.31,66.503,45.44,111.943,116.671,42.81,70.851,3.731,66.262,0.858,372.407,12.751,5.801
1.658,635,342,293,1.451,11.126,27.803,38.929,39.271,9.701,28.369,3.656,24.099,0.614,82.494,2.592,1.04
48.331,215,131,84,0.887,62.166,230.982,293.148,295.021,76.547,216.381,26.589,189.46,0.332,683.1,3.314,4.174
1.104,455,225,230,0.98,3.532,10.396,13.928,14.236,3.754,10.038,1.308,8.556,0.174,34.011,1.379,0.367
4.307,459,261,198,1.544,6.857,26.621,33.478,34.158,11.729,20.461,1.985,18.324,0.152,59.925,5.317,1.207
0.957,250,143,107,1.081,3.931,7.82,11.751,11.82,3.485,8.097,1.215,6.719,0.163,15.685,1.459,0.435
2.286,393,211,182,1.286,12.005,11.113,23.118,24.145,12.714,11.196,1.389,9.682,0.125,16.526,1.533,1.452
-0.535,360,187,173,0.821,3.816,11.431,15.247,15.364,4.246,10.234,1.413,8.646,0.175,37.315,2.098,0.4
6.204,904,477,427,2.677,12.953,47.479,60.432,61.007,18.624,40.316,3.382,36.61,0.324,86.382,8.2,2.111
5.925,1269,624,645,3.696,45.402,53.815,99.217,100.235,28.382,67.92,20.33,45.595,1.995,99.226,7.365,4.666
7.639,1067,609,458,4.348,31.932,128.329,160.261,162.072,45.067,113.624,7.309,105.316,0.999,370.3,8.447,2.609
0.181,189,96,93,0.729,2.155,3.403,5.558,5.582,1.485,4.046,0.829,3.149,0.068,13.606,0.867,0.218
1.15,362,196,166,0.832,4.499,20.753,25.252,25.426,5.829,19.075,1.643,17.219,0.213,90.168,1.234,0.613
0.052,38,20,18,0.138,0.233,0.945,1.178,1.18,0.373,0.801,0.043,0.727,0.031,2.753,0.153,0.04
1.811,850,496,354,4.043,19.751,32.023,51.774,52.385,15.13,35.035,5.816,28.198,1.021,141.317,4.309,1.54
2.444,374,219,155,2.832,18.188,20.872,39.06,39.608,13.576,25.506,4.72,20.257,0.529,98.236,3.86,1.314
1.183,161,97,64,1.091,6.028,13.577,19.605,19.809,6.126,13.298,0.86,12.312,0.126,60.38,2.268,0.455
2.819,340,161,179,3.276,16.576,50.967,67.543,68.385,23.263,42.345,4.24,37.708,0.397,161.23,5.478,1.254
5.01,29,17,12,1.254,4.027,40.388,44.415,44.722,6.851,37.358,0.406,36.952,0,256.497,3.455,0.448
4.987,232,113,119,1.151,4.305,20.822,25.127,25.414,6.288,18.145,1.328,16.637,0.18,74.109,2.347,0.621
0.349,73,34,39,0.413,2.607,4.707,7.314,7.419,1.734,5.509,1.056,4.33,0.123,13.694,0.556,0.388
6.009,732,396,336,6.818,26.892,53.753,80.645,81.982,28.763,50.92,6.869,43.189,0.862,174.978,8.689,2.512
19.322,434,245,189,11.551,50.836,141.627,192.463,198.244,48.15,139.047,4.79,134.04,0.217,605.361,27.206,7.795
3.574,995,580,415,5.666,24.032,44.442,68.474,68.953,22.974,38.954,6.208,31.15,1.596,78.116,6.08,1.51
5.304,1831,1027,804,7.172,18.459,81.319,99.778,100.447,29.601,68.953,7.239,58.887,2.827,130.736,10.268,2.234
7.947,603,346,257,16.24,23.357,114.212,137.569,138.589,29.132,104.754,8.812,95.376,0.566,265.153,9.264,3.202
0.54,263,144,119,1.155,6.531,13.118,19.649,19.821,5.958,13.604,4.848,8.29,0.466,29.797,2.051,1.278
6.525,235,114,121,2.407,8.975,37.235,46.21,46.528,19.967,23.854,4.087,19.579,0.188,96.054,7.902,1.404
21.25,478,313,165,6.367,45.892,181.31,227.202,229.796,70.51,152.085,10.861,141.044,0.18,629.443,35.207,5.998
13.019,1543,907,636,8.881,35.495,106.404,141.899,146.492,54.441,88.448,12.311,74.926,1.211,248.145,16.191,4.236
4.744,175,102,73,0.853,9.217,110.772,119.989,142.705,42.017,77.621,1.089,76.334,0.198,548.591,2.276,0.708
2.026,192,113,79,1.02,11.496,44.893,56.389,56.699,12.736,42.606,1.784,40.676,0.146,137.311,2.939,0.56
12.108,1638,933,705,8.777,56.108,93.496,149.604,150.675,59.62,88.538,16.794,70.584,1.16,279.21,15.652,4.819
12.797,831,562,269,5.524,37.212,97.499,134.711,135.501,54.641,79.172,10.718,68.073,0.381,245.851,13.268,3.007
12.022,623,392,231,4.044,27.112,116.593,143.705,144.584,43.087,97.15,29.302,67.447,0.401,293.873,12.947,2.615
2.611,155,102,53,0.961,6.453,17.055,23.508,24.148,11.001,12.429,0.76,11.568,0.101,41.163,3.251,0.942
2.659,313,184,129,2.13,9.523,15.742,25.265,25.962,8,17.576,2.092,15.283,0.201,78.067,3.345,1.022
1.56,211,136,75,0.811,3.447,11.809,15.256,15.429,5.855,9.357,1.217,7.92,0.22,24.385,2.169,0.481
2.249,97,66,31,0.664,6.322,15.547,21.869,22.015,8.322,13.405,2.339,10.989,0.077,29.171,1.998,1.315
0.042,39,24,15,0.131,0.273,2.078,2.351,2.363,0.448,1.897,0.065,1.802,0.03,4.084,0.211,0.046
6.725,529,297,232,3.067,15.756,70.968,86.724,88.002,29.017,55.467,4.563,50.483,0.421,232.66,7.94,2.914
1.493,81,55,26,0.746,2.668,24.772,27.44,27.875,4.247,22.89,0.685,22.189,0.016,73.394,2.258,0.851
0.622,35,23,12,0.153,1.496,2.672,4.168,4.184,2.8,1.242,0.024,1.217,0.001,4.888,0.47,0.085
8.38,572,366,206,3.259,17.614,56.556,74.17,75.735,35.246,38.598,2.578,35.861,0.159,113.602,10.705,2.49
5.736,209,142,67,2.341,17.234,45.648,62.882,64.151,22.003,39.508,2.58,36.808,0.12,173.644,8.403,1.776
56.062,3562,2008,1554,18.809,281.688,434.607,716.295,726.711,353.348,348.322,47.334,298.518,2.47,844.64,56.536,14.894
13.199,3864,1941,1923,67.618,307.76,226.267,534.027,549.852,252.714,276.824,24.161,250.635,2.028,1200.456,107.239,21.66
11.547,2359,1317,1042,19.764,79.942,111.01,190.952,192.44,67.484,121.051,27.052,91.543,2.456,380.522,31.98,9.067
-0.152,393,124,269,0.971,1.682,1.794,3.476,3.51,0.757,2.711,0.627,1.872,0.212,11.142,0.755,0.211
0.361,365,175,190,2.201,4.705,4.094,8.799,8.864,3.342,5.348,1.085,4.168,0.095,28.571,2.059,0.525
0.001,17,11,6,0.036,0.065,0.059,0.124,0.125,0.007,0.114,0.046,0.067,0.001,0.162,0.029,0.007
-0.009,221,82,139,0.853,1.275,0.867,2.142,2.173,0.349,1.778,0.69,1.022,0.066,4.665,0.701,0.176
0.522,248,95,153,0.629,1.109,3.169,4.278,4.325,1.634,2.395,0.507,1.781,0.107,12.178,0.943,0.15
0.072,69,40,29,0.196,0.238,0.814,1.052,1.057,0.315,0.728,0.064,0.657,0.007,4.005,0.179,0.039
1.459,473,240,233,2.403,6.392,7.893,14.285,14.439,4.445,8.7,1.362,7.052,0.286,40.704,3.364,0.843
20.222,1629,1236,393,10.992,27.289,60.692,87.981,88.876,37.202,51.095,3.11,47.84,0.145,305.771,23.127,2.813
2.03,386,237,149,1.393,4.234,11.689,15.923,16.035,6.697,9.083,0.908,8.065,0.11,27.391,3.01,0.754
1.404,300,116,184,1.716,6.508,10.892,17.4,17.914,7.821,9.773,0.794,8.808,0.171,29.735,3.185,0.825
0.261,533,258,275,2.368,4.931,11.491,16.422,16.507,5.774,10.557,2.191,7.95,0.416,19.67,2.746,0.555
-0.338,2803,1269,1534,14.342,21.425,45.186,66.611,67.771,19.115,47.804,9.752,35.621,2.431,74.662,10.274,2.018
-0.327,459,201,258,2.063,3.547,9.46,13.007,13.103,3.584,9.39,2.291,6.725,0.374,17.466,2.311,0.478
3.604,927,468,459,4.969,19.251,27.513,46.764,47.611,15.72,31.145,3.897,26.204,1.044,83.73,7.661,1.764
3.308,1050,573,477,4.587,11.622,36.086,47.708,48.224,14.591,33.06,2.207,30.399,0.454,113.875,5.439,1.252
8.23,1973,1261,712,9.812,32.896,59.149,92.045,92.846,37.184,54.912,10.256,42.819,1.837,209.485,11.718,3.223
1.973,903,487,416,4.781,9.77,19.393,29.163,31.213,9.7,19.923,2.675,17.033,0.215,70.545,6.641,1.413
6.82,4183,2158,2025,15.466,42.397,94.546,136.943,138.312,46.918,87.927,14.177,71.814,1.936,278.321,19.523,5.362
-0.341,597,223,374,2.029,7.424,6.749,14.173,14.291,7.799,6.157,1.467,4.418,0.272,13.673,3.292,0.505
-0.218,82,30,52,0.367,7.83,4.944,12.774,13.116,1.357,11.436,4.376,7.011,0.049,13.15,1.379,0.304
-0.985,812,393,419,1.478,0.777,6.836,7.613,7.633,0.978,6.637,0.529,5.58,0.528,6.803,1.358,0.131
1.162,2349,753,1596,1.77,4.124,12.601,16.725,17.483,5.819,10.662,0.85,9.608,0.204,44.92,2.591,0.679
0.038,39,17,22,1.297,0.442,0.349,0.791,0.804,0.244,0.472,0.129,0.289,0.054,0.97,0.96,0.065
0.193,334,182,152,1.056,1.547,3.155,4.702,4.742,1.905,2.511,0.354,2.062,0.095,6.314,1.315,0.239
-0.05,48,21,27,0.145,0.135,0.636,0.771,0.772,0.104,0.641,0.021,0.617,0.003,0.754,0.211,0.026
0.253,258,106,152,0.973,2.066,2.688,4.754,4.789,1.746,2.976,0.321,2.604,0.051,6.117,1.19,0.293
2.093,1188,543,645,20.562,288.795,54.892,343.687,349.121,157.438,179.177,106.27,54.417,18.49,78.116,41.786,10.298
0.047,94,44,50,0.477,5.244,1.247,6.491,6.537,2.171,3.478,2.292,1.137,0.049,2.323,0.653,0.283
-0.003,65,28,37,0.451,3.401,0.484,3.885,3.914,2.781,1.034,0.387,0.522,0.125,0.766,0.576,0.132
0.124,669,210,459,1.236,16.852,5.672,22.524,22.76,10.275,11.807,5.699,5.689,0.419,4.797,1.545,0.713
-0.511,5383,2034,3349,29.573,82.142,34.528,116.67,117.996,30.599,82.033,24.928,48.932,8.173,123.97,29.474,7.657
-1.242,1811,534,1277,4.233,8.783,5.912,14.695,14.841,1.502,13.092,4.305,7.997,0.79,17.28,3.271,1.093
0.398,240,109,131,3.455,2.398,3.588,5.986,6.08,2.706,3.202,0.899,2.262,0.041,12.378,4.227,0.424
0.411,127,56,71,2.683,2.456,2.504,4.96,4.987,1.942,2.853,0.303,2.543,0.007,10.303,3.161,0.351
-33.401,10,7,3,55.002,697.156,66.989,764.145,776.898,168.905,480.403,413.664,66.739,0,297.331,123.062,32.748
-28.078,105,62,43,33.746,279.185,22.829,302.014,302.673,170.127,50.497,16.555,33.941,0.001,90.279,83.864,21.035
-0.066,172,54,118,0.597,1.278,1.281,2.559,2.584,0.451,1.823,0.519,1.189,0.115,2.315,0.663,0.316
0.767,410,257,153,6.131,23.014,7.393,30.407,31.27,14.329,13.809,5.143,8.511,0.155,20.478,14.332,3.555
31.801,4348,2614,1734,34.582,210.514,138.593,349.107,354.641,146.35,198.786,71.43,123.889,3.467,366.355,63.753,32.384
0.02,9,4,5,0.008,0.097,0.064,0.161,0.161,0.045,0.108,0.041,0.067,0,0.665,0.015,0.007
2.708,84,48,36,1.682,10.838,7.64,18.478,18.71,9.825,7.876,1.047,6.751,0.078,12.313,3.507,0.765
-9.206,11,6,5,3.194,36.41,38.306,74.716,76.587,3.657,69.68,14.223,35.527,19.93,98.826,20.249,5.1
1.674,55,30,25,0.45,5.499,4.457,9.956,10.095,4.979,4.847,0.628,4.219,0,10.255,1.718,0.407
1.111,97,65,32,1.216,12.678,6.441,19.119,19.326,8.888,9.909,4.368,5.504,0.037,13.488,2.535,0.684
7.629,307,171,136,3.135,184.324,48.432,232.756,235.392,74.629,153.109,27.925,124.234,0.95,25.403,7.35,3.939
-7.775,175,89,86,8.381,323.385,33.933,357.318,358.016,56.245,260.189,242.298,17.819,0.072,37.509,20.603,12.663
0.239,31,14,17,0.191,2.629,1.166,3.795,3.888,1.545,1.752,0.341,1.175,0.236,1.222,0.38,0.198
3.095,38,16,22,2.495,50.211,24.723,74.934,95.803,15.555,74.036,66.898,7.135,0.003,13.104,10.04,5.106
1.051,916,475,441,4.591,21.701,34.487,56.188,58.251,19.484,34.484,5.423,26.623,2.438,149.8,8.35,1.728
14.129,1337,817,520,11.216,50.636,93.513,144.149,148.473,50.568,90.43,10.187,79.629,0.614,321.097,31.3,6.262
4.292,32,21,11,41.627,84.645,114.073,198.718,200.695,91.766,103.588,7.808,95.78,0,60.794,79.667,10.686
0.406,224,113,111,1.08,1.482,3.239,4.721,4.794,1.984,2.429,0.262,2.145,0.022,9.193,2.64,0.302
147.612,495,280,215,20.132,1431.25,233.721,1664.971,1723.558,692.259,918.593,354.329,547.961,16.303,540.109,135.578,171.327
-316.089,217,203,14,35.18,3194.29,9896.531,13090.821,13338.633,1083.331,11788.117,2055.974,9551.567,180.576,195.279,195.477,37.299
-19.018,70,48,22,1.164,160.34,719.459,879.799,911.165,32.629,867.302,394.895,469.575,2.832,246.915,6.844,0.886
8.594,263,164,99,2.084,4976.91,2788.478,7765.388,7850.21,4939.033,2823.269,1941.379,880.187,1.703,95.347,12.107,12.675
-6.307,200,99,101,1.006,118.425,82.428,200.853,202.995,95.033,96.985,2.322,94.579,0.084,12.13,4.437,1.561
-6.622,24,8,16,3.17,412.655,44.164,456.819,473.62,49.794,28.162,10.08,18.001,0.081,37.994,13.571,1.922
0.386,4,2,2,0.006,0.132,0.527,0.659,0.842,0.701,0.007,0,0.007,0,0.148,0.106,0.01
-2.027,35,20,15,6.549,402.302,29.406,431.708,451.23,67.735,42.252,0.073,42.177,0.002,51.811,31.928,2.646
0.434,3,1,2,0.178,6.059,21.75,27.809,28.439,19.429,8.725,0,8.725,0,1.214,1.527,0.982
17.281,94,48,46,1.253,239.534,53.798,293.332,313.588,62.395,65.397,0.143,65.246,0.008,24.948,7.517,1.488
2.288,528,304,224,1.958,11.521,24.302,35.823,36.693,18.29,17.67,2.851,14.639,0.18,21.351,4.629,1.533
5.573,1303,802,501,2.536,26.897,48.56,75.457,79.355,20.109,46.83,3.008,43.745,0.077,40.712,6.886,2.603
10.255,1308,482,826,1.995,421.137,122.404,543.541,549.122,142.694,384.268,226.685,154.381,3.202,62.688,3.607,13.968
47.317,8850,4023,4827,22.56,1245.889,792.556,2038.445,2061.947,572.24,1406.876,672.52,701.347,33.009,536.518,36.477,41.74
43.378,4355,2152,2203,15.256,1253.876,247.956,1501.832,1541.05,720.819,775.609,477.896,288.386,9.327,138.356,27.203,42.051
0.973,757,328,429,1.401,20.636,15.456,36.092,36.562,8.981,26.399,7.251,18.717,0.431,13.898,2.396,1.708
-0.743,656,311,345,6.129,138.83,42.005,180.835,184.785,81.149,82.348,38.525,36.572,7.251,54.633,14.392,4.664
7.097,229,116,113,1.073,75.649,19.335,94.984,97.959,11.885,78.196,21.814,56.186,0.196,33.141,3.103,20.604
0.721,81,38,43,0.127,11.485,1.665,13.15,13.325,1.738,11.111,7.779,3.305,0.027,1.212,0.317,2.713
0.011,31,12,19,0.036,0.717,0.47,1.187,1.193,0.7,0.418,0.216,0.173,0.029,1.298,0.023,0.052
0.075,13,7,6,0.041,0.45,0.379,0.829,0.836,0.312,0.514,0.138,0.376,0,0.949,0.101,0.026
0.167,37,17,20,0.026,2.158,0.707,2.865,2.872,1.611,1.229,0.522,0.693,0.014,0.517,0.038,0.306
5.283,178,103,75,1.089,15.002,11.376,26.378,27.821,13.718,13.443,2.252,11.035,0.156,9.321,2.54,5.632
0.356,54,29,25,0.068,15.993,4.375,20.368,20.854,11.107,9.652,6.528,3.09,0.034,1.093,0.133,3.319
1.183,252,120,132,0.889,46.14,12.463,58.603,60.238,10.073,47.378,23.428,23.66,0.29,9.682,2.201,10.645
0.292,293,121,172,0.634,1.604,2.505,4.109,4.171,1.036,3.055,0.495,2.483,0.077,4.531,0.642,0.556
1.531,499,280,219,1.529,4.617,11.371,15.988,16.306,6.273,9.613,1.116,8.427,0.07,31.858,2.993,0.762
10.679,3105,1721,1384,9.805,51.604,80.12,131.724,139.959,81.037,54.376,6.137,47.86,0.379,119.955,27.709,8.929
-1.612,1139,683,456,4.812,26.959,47.878,74.837,77.456,31.378,40.116,7.759,32.127,0.23,79.439,20.79,5.757
4.145,623,326,297,6.491,16.644,43.387,60.031,61.783,17.757,41.161,0.586,40.436,0.139,26.604,13.265,4.943
0.811,312,151,161,1.299,10.649,7.322,17.971,18.433,12.017,5.103,0.589,4.509,0.005,14.969,3.941,2.967
1.317,806,508,298,2.398,4.394,9.666,14.06,14.185,5.976,7.894,1.128,6.567,0.199,28.292,3.683,0.906
0.244,1174,635,539,3.687,11.104,30.586,41.69,44.346,13.081,27.99,2.254,25.595,0.141,75.453,14.329,3.81
3.73,816,454,362,4.873,44.174,33.289,77.463,79.047,38.283,35.121,17.73,16.921,0.47,36.227,17.502,3.394
0.053,251,136,115,0.424,1.798,2.196,3.994,4.187,1.508,1.864,0.729,1.125,0.01,3.203,1.111,0.254
9.194,780,429,351,3.083,8.104,32.731,40.835,41.591,21.451,19.548,2.043,16.783,0.722,18.296,9.033,2.005
7.966,5831,3222,2609,14.139,33.242,41.71,74.952,77.007,42.075,32.806,5.53,26.564,0.712,45.692,25.076,5.039
3.057,475,254,221,1.613,23.375,24.627,48.002,48.748,36.08,11.119,0.499,10.522,0.098,36.241,6.075,0.974
11.341,6526,3496,3030,12.391,785.931,370.571,1156.502,1777.035,855.318,898.167,569.247,319.741,9.179,202.605,37.058,23.741
-1.33,719,359,360,4.32,1295.59,457.299,1752.889,1799.019,1364.137,406.198,187.14,217.51,1.548,115.885,16.969,32.626
24.605,6635,3988,2647,22.924,116.495,188.024,304.519,313.958,138.225,160.503,26.879,131.456,2.168,274.276,55.25,12.895
2.915,665,408,257,3.698,13.817,15.104,28.921,29.199,16.104,12.04,2.033,9.852,0.155,20.936,9.981,2.065
7.398,1745,912,833,5.355,21.75,59.385,81.135,84.477,28.345,51.173,2.706,47.866,0.601,195.573,12.442,3.74
1.063,552,256,296,18.855,3.336,14.948,18.284,19.072,5.863,12.647,1.027,11.39,0.23,23.949,31.613,0.565
2.187,2207,1101,1106,19.728,17.901,33.484,51.385,53.036,18.077,33.405,4.276,28.258,0.871,105.46,23.788,2.779
2.211,1089,631,458,27.978,8.532,15.007,23.539,23.888,9.576,13.65,1.935,11.602,0.113,33.427,19.495,1.661
0.328,347,166,181,1.233,21.882,5.78,27.662,27.942,20.454,6.737,1.397,5.161,0.179,14.331,1.822,0.915
0.699,161,88,73,6.099,3.791,6.373,10.164,10.259,4.047,5.949,0.902,4.989,0.058,16.658,5.267,0.505
0.523,820,432,388,1.008,1.857,3.226,5.083,5.15,2.114,2.941,0.396,2.426,0.119,7.554,1.409,0.37
0.024,13,7,6,0.303,0.071,0.391,0.462,0.505,0.081,0.398,0,0.396,0.002,0.324,0.339,0.025
11.409,4971,2595,2376,17.229,118.924,228.403,347.327,359.103,190.585,155.275,47.937,106.409,0.929,156.911,35.744,9.144
-0.095,160,52,108,0.506,0.322,0.506,0.828,0.834,0.311,0.456,0.105,0.349,0.002,0.777,0.748,0.083
0.038,65,25,40,0.146,0.366,0.285,0.651,0.656,0.286,0.113,0.006,0.107,0,0.338,0.26,0.036
0.08,120,54,66,0.374,0.921,0.887,1.808,2.032,0.78,0.602,0.049,0.546,0.007,1.305,1.139,0.16
0.092,111,58,53,0.111,0.456,0.412,0.868,0.88,0.457,0.346,0.053,0.287,0.006,0.701,0.241,0.083
0.311,184,113,71,0.643,0.948,1.129,2.077,2.09,1.111,0.836,0.123,0.7,0.013,3.015,1.452,0.158
3.2,2264,1317,947,5.547,14.021,17.031,31.052,32.195,16.27,11.577,1.785,9.516,0.276,30.886,12.677,2.229
-0.147,495,338,157,3.534,3.769,4.152,7.921,8.883,1.636,5.648,0.598,5.01,0.04,12.703,7.353,0.584
6.155,3102,2170,932,9.115,21.764,17.893,39.657,41.263,21.106,18.073,5.226,11.882,0.965,24.26,15.765,4.242
0.93,788,491,297,1.958,4.246,2.319,6.565,6.699,3.257,3.299,1.327,1.843,0.129,3.887,2.281,0.763
1.808,914,537,377,3.811,15.054,8.079,23.133,24.63,7.537,14.049,4.276,9.6,0.173,17.893,7.74,1.493
0.282,214,136,78,0.418,1.78,2.026,3.806,3.816,1.506,2.256,0.337,1.858,0.061,7.266,0.445,0.198
1,134,43,91,2.26,4.107,1.87,5.977,6.055,2.627,2.402,0.477,1.907,0.018,2.894,3.413,0.148
-0.03,138,70,68,4.988,1.845,1.6,3.445,3.578,0.859,1.838,0.25,1.464,0.124,3.354,4.776,0.253
7.323,92,53,39,2.261,118.71,15.928,134.638,137.156,120.828,6.72,0.553,6.155,0.012,9.892,5.862,4.816
5.223,550,339,211,13.282,95.973,42.505,138.478,141.166,68.896,49.079,17.909,30.986,0.184,64.571,29.34,12.384
1.446,81,52,29,2.193,5.937,3.921,9.858,10.371,5.441,3.833,0.854,2.745,0.234,6.776,3.485,0.878
0.022,91,11,80,0.01,0.416,0.207,0.623,0.63,0.094,0.405,0.156,0.249,0,0.12,0.012,0.022
-0.183,108,13,95,0.111,0.61,0.775,1.385,1.402,0.582,0.423,0.021,0.401,0.001,1.143,0.485,0.051
0,37,0,37,0.001,0.019,0.001,0.02,0.02,0,0,0,0,0,0,0.001,0
0,27,0,27,0,0.021,0,0.021,0.021,0,0,0,0,0,0,0,0
0,4,0,4,0,0,0,0,0,0,0,0,0,0,0,0,0
-0.033,734,44,690,1.225,4.636,2.053,6.689,6.831,2.771,2.539,0.789,1.648,0.102,2.998,1.519,0.24
0.946,829,454,375,1.192,13.843,18.379,32.222,33.291,12.495,16.358,2.705,13.265,0.388,31.877,1.913,1.699
1.551,111,52,59,0.824,9.31,16.353,25.663,26.294,11.75,10.889,1.773,9.114,0.002,112.577,2.892,1.167
-0.092,32,13,19,0.387,2.663,0.816,3.479,3.555,0.483,2.853,1.725,1.116,0.012,3.828,0.678,0.488
1.174,467,235,232,1.546,29.191,28.625,57.816,64.62,10.892,43.283,11.185,30.999,1.099,61.462,6.193,8.788
0.509,978,569,409,1.699,21.612,5.864,27.476,27.762,16.548,5.354,1.732,3.529,0.093,16.491,4.213,1.61
0.401,300,177,123,0.77,2.961,2.985,5.946,6.085,2.522,2.836,0.663,2.161,0.012,8.568,1.411,0.409
0.054,18,7,11,0.145,0.664,0.168,0.832,0.899,0.566,0.309,0.003,0.291,0.015,0.545,0.316,0.052
-0.07,332,137,195,0.847,2.426,1.605,4.031,4.069,0.952,2.562,0.591,1.831,0.14,4.383,1.133,0.337
0.076,280,164,116,0.325,0.404,0.805,1.209,1.215,0.549,0.656,0.061,0.575,0.02,1.334,0.362,0.123
0.113,38,29,9,0.284,1.016,1.105,2.121,2.175,0.883,0.74,0.021,0.719,0,2.298,0.85,0.108
-0.44,70,33,37,0.768,14.307,4.329,18.636,18.774,1.44,14.7,14.18,0.457,0.063,2.881,1.707,0.395
0.061,22,12,10,0.704,1.098,0.225,1.323,1.328,0.749,0.27,0.05,0.218,0.002,0.555,1.008,0.063
-0.59,228,84,144,0.923,29.926,5.409,35.335,36.724,14.356,17.729,11.107,6.343,0.279,8.295,1.739,0.746
-2.357,908,308,600,1.353,6.757,4.526,11.283,12.074,1.658,9.102,2.553,6.371,0.178,13.903,2.21,1.29
23.147,1256,743,513,5.013,38.49,38.126,76.616,79.089,32.033,44.35,10.293,33.741,0.316,38.473,11.317,7.363
1.05,481,204,277,1.651,14.799,6.272,21.071,21.686,11.278,8.189,2.595,5.284,0.31,8.847,2.071,1.116
-0.048,159,69,90,2.921,6.729,3.908,10.637,10.766,3.97,6.53,1.815,3.785,0.93,6.522,4.201,1.336
-0.47,965,290,675,2.508,4.081,3.062,7.143,7.221,1.259,5.832,1.472,3.976,0.384,6.732,2.019,0.455
0.875,167,116,51,2.476,6.066,3.109,9.175,9.243,5.608,3.056,0.629,2.412,0.015,7.667,4.099,0.609
-0.766,596,138,458,4.009,38.441,4.418,42.859,43.092,24.865,12.02,5.015,6.777,0.228,9.272,5.799,1.978
0.106,285,103,182,0.609,3.987,1.472,5.459,5.514,3.524,1.872,0.722,1.145,0.005,3.273,0.76,0.327
-0.002,3,0,3,0.002,0.001,0.003,0.004,0.004,-0.001,0.005,0,0.003,0.002,0.008,0.001,0.001
